{
    "train_losses": [
        0.653643480983851,
        0.1629395489343723,
        0.07929772140956129,
        0.053245533574036295,
        0.033715158039874384,
        0.03613823493368026,
        0.02605375167760587,
        0.023802610965108023,
        0.02010469810323434,
        0.017979274682583066
    ],
    "train_accuracies": [
        0.6869898590155825,
        0.9475636903289636,
        0.9782339846648528,
        0.9846648528320554,
        0.9919614147909968,
        0.9907247093742271,
        0.9936928023744744,
        0.9949295077912441,
        0.9951768488745981,
        0.9950531783329211
    ],
    "val_losses": [
        1.1479292155844485,
        1.6690777411459685,
        1.6963034573416862,
        1.99027459057783,
        2.306095729316947,
        2.105846396748834,
        2.215404654155823,
        2.262929087780554,
        2.3602791118325914,
        2.4319390136445502
    ],
    "val_accuracies": [
        0.5331874544128373,
        0.5207877461706784,
        0.5441283734500365,
        0.5543398978847557,
        0.525893508388038,
        0.550692924872356,
        0.5455871626549964,
        0.5339168490153173,
        0.5390226112326769,
        0.5382932166301969
    ]
}