{
    "train_losses": [
        1.001566197678977,
        0.23189486719469132,
        0.10808748639650687,
        0.05898447564675145,
        0.03844990421145448,
        0.03125674183491485,
        0.015254062402918898,
        0.017422945940822894,
        0.011036700605386739,
        0.00715838332623455
    ],
    "train_accuracies": [
        0.616992332426416,
        0.9193668068266139,
        0.9635171902052931,
        0.9810784071234232,
        0.9870145931239179,
        0.9899826861241652,
        0.9938164729161514,
        0.9944348256245362,
        0.9965372248330447,
        0.9974029186247836
    ],
    "val_losses": [
        1.1627040766829322,
        1.51135305795537,
        1.8782637888730807,
        2.6391619071465926,
        2.5572615808003234,
        2.7905550741869414,
        3.8169933799288756,
        3.3089552235462687,
        3.365400682859323,
        3.3364161854683623
    ],
    "val_accuracies": [
        0.5331874544128373,
        0.5557986870897156,
        0.5185995623632386,
        0.5185995623632386,
        0.5295404814004376,
        0.5324580598103574,
        0.5142231947483589,
        0.5105762217359592,
        0.5040116703136397,
        0.5032822757111597
    ]
}