{
    "train_losses": [
        0.7737143660634167,
        0.19982476239074243,
        0.0827868341809008,
        0.04807805280692221,
        0.03453317035957672,
        0.026632378762191034,
        0.02010593268412259,
        0.014308630589490032,
        0.010457713911247576,
        0.008771672398936003
    ],
    "train_accuracies": [
        0.6559485530546624,
        0.9262923571605244,
        0.9721741281226812,
        0.9859015582488251,
        0.9877566163739797,
        0.9917140737076429,
        0.9925797674993816,
        0.9949295077912441,
        0.9960425426663368,
        0.9962898837496909
    ],
    "val_losses": [
        1.2845031731241,
        1.384258592374038,
        1.9478703502557353,
        1.9107918936382342,
        2.1958865755533563,
        3.2115593221957033,
        2.678076211535781,
        2.7284833218652222,
        2.738542772883939,
        2.951667456739892
    ],
    "val_accuracies": [
        0.5361050328227571,
        0.5331874544128373,
        0.5171407731582787,
        0.5733041575492341,
        0.5543398978847557,
        0.5273522975929978,
        0.5412107950401167,
        0.5273522975929978,
        0.5390226112326769,
        0.5309992706053975
    ]
}