{
    "train_losses": [
        2.390563253609926,
        0.599942088501463,
        0.3275878332826857,
        0.2250245808594698,
        0.16816017842673084,
        0.14152369930022285,
        0.10018303497289949,
        0.0776069616472612,
        0.06349831170050992,
        0.054742926314546206
    ],
    "train_accuracies": [
        0.5894138016324512,
        0.8367548849863963,
        0.9469453376205788,
        0.97303982191442,
        0.9841701706653475,
        0.9884986396240416,
        0.9928271085827356,
        0.9946821667078902,
        0.9962898837496909,
        0.9967845659163987
    ],
    "val_losses": [
        1.1995646094559873,
        1.2883265461620288,
        1.7902889243364144,
        1.717283906219002,
        1.9716181252325318,
        2.5757110544983197,
        2.649220893046933,
        2.6058975475086026,
        3.294508522829454,
        3.5131756835835017
    ],
    "val_accuracies": [
        0.4923413566739606,
        0.5280816921954777,
        0.5193289569657185,
        0.5485047410649161,
        0.5361050328227571,
        0.525893508388038,
        0.5309992706053975,
        0.5346462436177972,
        0.5382932166301969,
        0.524434719183078
    ]
}