{
    "train_losses": [
        0.7883749083937335,
        0.37168935043175366,
        0.12092551670053792,
        0.060554366775269736,
        0.03310850203846988,
        0.019719853864464093,
        0.018667709052368805,
        0.009622574804876272,
        0.008742138275637823,
        0.006115545524252232
    ],
    "train_accuracies": [
        0.607964382883997,
        0.8538214197378184,
        0.9603017561216918,
        0.9800890427900074,
        0.9887459807073955,
        0.9928271085827356,
        0.9931981202077665,
        0.9970319069997526,
        0.9965372248330447,
        0.9971555775414296
    ],
    "val_losses": [
        0.896204688800174,
        1.165175348451242,
        1.5815933507563935,
        1.6976111975497143,
        1.987913724045854,
        2.210336665185994,
        2.1747704045330125,
        2.2770436557507625,
        2.372447162504402,
        2.3549727363176296
    ],
    "val_accuracies": [
        0.5951859956236324,
        0.5937272064186725,
        0.5842450765864332,
        0.5813274981765135,
        0.5857038657913931,
        0.5857038657913931,
        0.5922684172137126,
        0.5900802334062728,
        0.5798687089715536,
        0.5900802334062728
    ]
}