{
    "train_losses": [
        0.8381550770764258,
        0.5761162102222442,
        0.44958371277533327,
        0.29938197467549177,
        0.16489053719183977,
        0.09986319325809531,
        0.06780539055574028,
        0.047733670064503804,
        0.032470095302685915,
        0.023497668593863992
    ],
    "train_accuracies": [
        0.5716738197424893,
        0.7188228080931943,
        0.7979153893316984,
        0.886817903126916,
        0.944206008583691,
        0.9676272225628448,
        0.9769466584917229,
        0.984549356223176,
        0.9895769466584917,
        0.9926425505824648
    ],
    "val_losses": [
        1.0227092559926394,
        1.0936061775783168,
        0.9881300265352787,
        1.0761365191570893,
        1.2583881109529147,
        1.4850367843670338,
        1.6055392905426986,
        1.5932343126597273,
        1.657100521801689,
        1.6972269826069462
    ],
    "val_accuracies": [
        0.5261136712749616,
        0.5284178187403994,
        0.6436251920122887,
        0.6428571428571429,
        0.6451612903225806,
        0.631336405529954,
        0.6751152073732719,
        0.6705069124423964,
        0.6374807987711214,
        0.6513056835637481
    ]
}