{
    "train_losses": [
        0.1866132331409437,
        0.04315087507095407,
        0.020321372900541652,
        0.013608939761259393,
        0.009959514421301292
    ],
    "train_accuracies": [
        0.9494788473329245,
        0.9873697118332312,
        0.9948497854077253,
        0.9960760269773146,
        0.9964438994481913
    ],
    "val_losses": [
        1.7279658430006082,
        1.939280613737249,
        1.9814818950608464,
        2.1587081069606584,
        2.181373940732489
    ],
    "val_accuracies": [
        0.6397849462365591,
        0.65284178187404,
        0.6605222734254992,
        0.652073732718894,
        0.6459293394777266
    ]
}