{
    "train_losses": [
        0.9727506123047518,
        0.36920612076148795,
        0.13031522696122447,
        0.07299350350994821,
        0.04311082913103948,
        0.039966112699232045,
        0.019089753578657102,
        0.011729542596314535,
        0.011991414829504058,
        0.005836642748326418
    ],
    "train_accuracies": [
        0.5916749256689792,
        0.854806739345887,
        0.9556491575817642,
        0.9743557978196233,
        0.9853815659068385,
        0.986372646184341,
        0.9929385530227949,
        0.9955401387512388,
        0.994796828543112,
        0.997398414271556
    ],
    "val_losses": [
        1.1022772369459597,
        1.368922728728733,
        1.8994217590106717,
        1.909193116862044,
        2.357170824090433,
        1.9657099431393827,
        2.504347398333985,
        2.8095775796193774,
        2.9801847059285813,
        3.081788282477329
    ],
    "val_accuracies": [
        0.525893508388038,
        0.5382932166301969,
        0.5098468271334792,
        0.5382932166301969,
        0.5492341356673961,
        0.5660102115244348,
        0.5404814004376368,
        0.5382932166301969,
        0.536834427425237,
        0.5477753464624362
    ]
}