{
    "train_losses": [
        0.7792710005636855,
        0.23847441112063608,
        0.09375086025451053,
        0.061514914023025835,
        0.031483074103319006,
        0.026872730357246213,
        0.01764904465633198,
        0.016266672384938802,
        0.008021810221468351,
        0.005563346409255889
    ],
    "train_accuracies": [
        0.6734518700183936,
        0.9124463519313305,
        0.9670141017780503,
        0.9784181483752299,
        0.9884733292458614,
        0.9903126916002453,
        0.9939914163090129,
        0.9939914163090129,
        0.9964438994481913,
        0.9971796443899448
    ],
    "val_losses": [
        1.1130244499076003,
        1.4681820548772475,
        1.4882220976242304,
        1.6790758195231175,
        2.0760944036517217,
        2.5119776368987328,
        2.0485445360162875,
        2.6431963769592315,
        2.657237008529254,
        2.750366044882122
    ],
    "val_accuracies": [
        0.6144393241167435,
        0.6006144393241167,
        0.6574500768049155,
        0.6451612903225806,
        0.6689708141321045,
        0.6382488479262672,
        0.662826420890937,
        0.6474654377880185,
        0.6443932411674347,
        0.6605222734254992
    ]
}