{
    "train_losses": [
        0.6922396633810565,
        0.24739962813967165,
        0.08916041774013424,
        0.05418625297369919,
        0.0403861278577899,
        0.029545852738763142,
        0.017546376037603742,
        0.016301651435999112,
        0.0095980931259301,
        0.008809892481237643
    ],
    "train_accuracies": [
        0.6880441446965052,
        0.9107296137339056,
        0.9697118332311465,
        0.9805027590435316,
        0.9866339668914776,
        0.9908031882280809,
        0.9938687921520539,
        0.9936235438381361,
        0.9959534028203556,
        0.9964438994481913
    ],
    "val_losses": [
        1.0059689823146145,
        1.6192391830487505,
        1.7201682855352751,
        1.7756338601940433,
        2.00677470361351,
        1.7800011516594323,
        2.334391357750847,
        2.536696667387984,
        2.7531219702470535,
        2.7800163450385043
    ],
    "val_accuracies": [
        0.6044546850998463,
        0.5391705069124424,
        0.609062980030722,
        0.6697388632872504,
        0.6574500768049155,
        0.6889400921658986,
        0.619815668202765,
        0.6658986175115207,
        0.6597542242703534,
        0.6551459293394777
    ]
}