{
    "train_losses": [
        0.6894917787118225,
        0.22488688061505785,
        0.0918603316715038,
        0.05482695087888011,
        0.03861723796305709,
        0.021595291224769404,
        0.0142511354337769,
        0.012123809580003966,
        0.006088648920519445,
        0.005715823011235993
    ],
    "val_losses": [
        0.6849603567888999,
        0.9182358771060456,
        0.9656838453914767,
        0.981169474727453,
        0.9890981169474727,
        0.9912041625371655,
        0.994796828543112,
        0.9954162537165511,
        0.9977700693756194,
        0.9976461843409317
    ],
    "train_accuracies": [
        1.2588734883714805,
        1.7849033604347666,
        2.103767651760561,
        2.3839802455089942,
        2.26073487172549,
        2.885297682655849,
        3.4780000414150396,
        3.5565357353797293,
        3.9245496452027955,
        4.122801936383164
    ],
    "val_accuracies": [
        0.5047410649161196,
        0.5579868708971554,
        0.5448577680525164,
        0.5485047410649161,
        0.5302698760029175,
        0.5426695842450766,
        0.5237053245805982,
        0.5433989788475565,
        0.5419401896425966,
        0.5412107950401167
    ]
}