{
    "train_losses": [
        2.367926103340206,
        0.6566525322102903,
        0.3393283719951247,
        0.2369064262317845,
        0.1805997596232474,
        0.14665102287709647,
        0.10743130417630246,
        0.0952632902946904,
        0.07783079291402806,
        0.06904796681826365
    ],
    "train_accuracies": [
        0.5343804105861983,
        0.8120207766510017,
        0.9375463764531289,
        0.9674746475389562,
        0.9793470195399456,
        0.9892406628741034,
        0.9920850853326738,
        0.9922087558743508,
        0.9951768488745981,
        0.9961662132080139
    ],
    "val_losses": [
        0.9698535473134814,
        1.331927429882975,
        1.8292896213716252,
        1.7401437288811263,
        2.0095362019014127,
        2.5636007964552365,
        2.944353950511722,
        3.2198895853241214,
        3.0362242310978007,
        3.363082334254393
    ],
    "val_accuracies": [
        0.5514223194748359,
        0.5273522975929978,
        0.5098468271334792,
        0.5557986870897156,
        0.5528811086797958,
        0.5660102115244348,
        0.5470459518599562,
        0.5397520058351568,
        0.5543398978847557,
        0.5492341356673961
    ]
}