{
    "train_losses": [
        2.271287987467443,
        0.6557349684909833,
        0.3486939134514609,
        0.2353043557979256,
        0.1708739897453487,
        0.12577731309527612,
        0.09354332208897669,
        0.07247346059408698,
        0.05875203965663138,
        0.04992774244087443
    ],
    "train_accuracies": [
        0.563195646796933,
        0.8093000247341083,
        0.9386594113282216,
        0.9725451397477121,
        0.9812020776651001,
        0.9872619342072718,
        0.9923324264160277,
        0.9936928023744744,
        0.9959188721246599,
        0.9962898837496909
    ],
    "val_losses": [
        0.8123028491489296,
        1.1600368606790754,
        1.3780807335056642,
        1.5928497174338094,
        1.9185707404176942,
        2.563495489963945,
        2.7385087737992726,
        3.095690673884382,
        3.264752141449701,
        3.2322464541317
    ],
    "val_accuracies": [
        0.5689277899343544,
        0.563092633114515,
        0.5652808169219548,
        0.5667396061269147,
        0.5572574762946754,
        0.5251641137855579,
        0.5536105032822757,
        0.5572574762946754,
        0.5572574762946754,
        0.5572574762946754
    ]
}